label,ulasan
1,"Secara keseluruhan saya menyukai aplikasi ini, tetapi masih ada beberapa masalah. Beberapa di antaranya adalah ketika memasang spoiler ke media, sebagian besar masih tidak berfungsi. Yang lainnya (dan jujur, yang paling menjengkelkan) adalah ketika saya menggunakan obrolan suara,   sering secara otomatis menutup sendiri setelah beberapa waktu saat saya sedang bermain ... Full Review"
1,"  sebenarnya adalah aplikasi yang sangat bagus dan layak. Tetapi mengapa saya memberi peringkat 4/5 karena kami tidak dapat mengirim catatan suara (alias VN). Terkadang ketika saya setengah bangun atau ketika keyboard saya lag, saya tidak dapat mengetik, yang berarti saya tidak dapat membalas SMS orang. Catatan suara sebenarnya sangat berguna bagi sebagian orang! kami tidak memiliki... Ulasan Lengkap"
1,"Jujur luar biasa. Saya menganggap ini platform media sosial terbaik di luar sana. Opsi keamanan yang mudah namun hebat dan notifikasi yang dapat disesuaikan. Pada awalnya agak sulit untuk dinavigasi tetapi begitu Anda mendapatkannya, itu sangat mudah. Fleksibilitas   sangat bagus, dan fitur tak terbatas membuatnya menyenangkan... Ulasan Lengkap"
1,"Saya beri 4 bintang karena versi PC memiliki fitur untuk berpindah akun secara instan-- tetapi versi CP tidak. Sangat nyaman digunakan jika kita bisa berpindah akun semudah versi PC. Selain itu, MB untuk mengirim foto dan video terlalu terbatas. Bahkan dengan itu, itu masih aplikasi yang bagus. Hanya... Ulasan Lengkap"
0,"1. Autoscroll ke bawah tidak dapat dinonaktifkan yang sangat mengganggu saat membaca riwayat obrolan. 2. Saat mencari sesuatu dan memilih hasil, Anda tidak dapat kembali ke daftar semua hasil pencarian. (Anda dapat mengklik tombol pencarian lagi, tetapi scoll akan diatur ulang) Ini bukan ilmu roket. Sebuah... Ulasan Lengkap"
1,Benar-benar waktu yang baik menggunakan aplikasi ini. Saya bisa mengobrol dengan teman-teman saya dan berbagi banyak hal bersama. Saya berharap ukuran pengiriman video sedikit lebih besar karena saya dapat mengurangi klip game menjadi beberapa detik dan masih melebihi 8mb. Saya juga ingin bertanya apakah Anda dapat menambahkan fitur di mana saya masih dapat ... Ulasan Lengkap
1,"Ini adalah aplikasi yang bagus dan sangat mudah digunakan, tetapi Anda tetap tidak dapat membagikan video sama sekali kecuali dari bot, ketika Anda mencoba video tersebut tidak dapat diputar dan tidak dapat diunduh, ia akan mengatakan bahwa itu telah diunduh tetapi tidak dapat' t muncul di mana saja di ponsel Anda. Dan bahkan dengan pembaruan terbaru, bug ini belum diperbaiki. Dan untuk... Ulasan Lengkap"
1,"Aplikasi hebat, menyelesaikan masalah dengan cepat jika ada. Namun sesuatu yang telah mengganggu saya untuk sementara waktu adalah kenyataan bahwa tidak ada fitur Audio di Direct Messages. Sesuatu di mana Anda dapat dengan mudah merekam dan mengirim audio pendek. Akan meningkatkan banyak aplikasi dan membuat banyak hal lebih mudah."
1,"  adalah aplikasi sosial yang cukup bagus, pada perangkat yang dioptimalkan untuknya. Galaxy Tab s7+ menggunakan antarmuka smartphone  , padahal seharusnya menggunakan antarmuka yang sudah tersedia di ipads, atau hanya menempatkan versi desktop ke android. Mode DeX lebih sama, ekstrimnya... Ulasan Lengkap"
1,"Bekerja sebagaimana dimaksud di luar panggilan. Namun ketika dalam panggilan untuk sesi yang lama, aplikasi perlahan-lahan menurunkan kinerjanya saat aplikasi digunakan. Ini akan mengambil lag sampai akhirnya membeku dan crash. Masalah ini telah hadir untuk sementara waktu sekarang dan itu sangat mengecewakan. Untuk referensi masalah ini tampaknya ... Ulasan Lengkap"
1,"Bekerja dengan lancar dan baik. Senang memiliki saluran yang berbeda untuk mengatur percakapan. Juga suka bahwa itu tidak terkait dengan nomor telepon atau kartu SIM. Tidak ada kompresi otomatis untuk mengirim gambar seperti yang ada di  , sehingga tidak mudah untuk mengirim gambar. Itu tidak selalu stabil untuk grup ... Ulasan Lengkap"
1,Saya telah bertemu begitu banyak teman baik dan bergabung dengan beberapa komunitas yang luar biasa dengan  ! Itu telah mengubah hidup saya! Suka antarmuka dan penggunaan emoji khusus. Saya selalu bersemangat tentang pembaruan baru. Ada beberapa bug yang mengganggu - untuk beberapa alasan terkadang emoji kustom akan berhenti bekerja!! ... Ulasan Lengkap
1,"Aplikasi luar biasa untuk bermain game dengan teman-teman Anda. Agak rumit dan membingungkan pada awalnya, tetapi sangat menyenangkan dan dapat disesuaikan saat Anda terbiasa dengannya. Anda memiliki banyak opsi dan fitur untuk dikerjakan. Saya sangat menikmati peran dan sistem kekuatan yang ada di   dan itu cukup ... Ulasan Lengkap"
1,"Ini sebenarnya aplikasi yang sangat bagus! Ada banyak fitur yang bisa sangat membantu dalam segala hal; dan ada banyak pengguna yang cukup ramah. Padahal, mungkin ada sisi buruk bagi anak-anak yang menggunakan aplikasi tersebut. Beberapa orang mungkin mengirim foto dan/atau kalimat yang tidak pantas, Tapi saya cukup yakin ... Ulasan Lengkap"
0,"  telah menjadi aplikasi integral dalam kehidupan sosial saya, itulah sebabnya saya merasa kesal setiap kali saya masuk, saya langsung disambut dengan Student Hub tidak peduli berapa kali saya menolak. Akan lebih mudah jika saya bisa menonaktifkan notifikasi sama sekali. Juga, ada dua bug di aplikasi. Satu ketika ... Ulasan Lengkap"
1,"aplikasi yang bagus. saya berbicara dengan semua teman saya di sini dan kemampuan untuk menjelajahi server yang berbeda dan bahkan membuat server Anda sendiri luar biasa, ini adalah kesempatan besar untuk bertemu orang baru. yang mengejutkan saya, saya belajar banyak tentang budaya yang berbeda hanya dari bertemu orang baru di server dan mengenal mereka. ... Ulasan Lengkap"
1,Umumnya aplikasi hebat dengan beberapa bug. Ada bug besar dengan menggunakan emote dari server lain daripada yang Anda ketik. Ini terjadi ketika emote dibagikan di beberapa server tetapi dengan kapitalisasi yang berbeda. Masalah ini telah berlangsung selama lebih dari setahun. Bikin penasaran apa gunanya... Full Review
0,"Oke, jadi pada satu titik   bagus, dan itu masih untuk perpesanan, tetapi untuk panggilan suara itu benar-benar mengerikan karena setiap kali saya menelepon dan membuka aplikasi lain, tak lama setelah itu menendang saya dari panggilan, memaksa saya untuk harus kembali ke  , bergabung kembali dengan panggilan, lalu kembali ke aplikasi yang saya ... Ulasan Lengkap"
1,"Aplikasi yang bagus untuk terhubung dengan orang-orang. Juga cara yang baik untuk berkomunikasi dengan teman jarak jauh. Sulit untuk mengirim apa pun tanpa   nitro, karenanya empat bintang saya. Anda hanya dapat mengirim file video yang sangat kecil dan gambar besar terpaksa diturunkan kualitasnya. Bagi yang ingin bisa ... Full Review"
1,Saya suka aplikasi ini. Saya menggunakannya setiap hari dan tidak menemukan banyak bug dan masalah dalam waktu yang saya habiskan di dalamnya. Meskipun baru-baru ini saya mengalami masalah dengan audio dalam panggilan. Misalnya saya sedang menelepon dan saya tidak bisa berbicara. Ini menunjukkan bahwa saya aktif berbicara tetapi orang lain tidak dapat mendengar saya untuk... Ulasan Lengkap
0,"Mengapa tidak ada satu suara notifikasi? Selama bertahun-tahun saya memiliki suara notifikasi tertentu. Saya memilih untuk aplikasi ini. Sekarang setiap saluran diam atau saya harus mengatur suara itu? Mencoba menelurkan percakapan dalam pengaturan notifikasi? Ini adalah kegilaan. Itu tidak rusak! Sesuatu terjadi, saya... Ulasan Lengkap"
1,"Pembaruan: Baru saja melihat pembaruan baru hari ini (23/4) dan semuanya tampaknya sudah diperbaiki. Pembaruan terakhir memecahkan sesuatu. Saya pernah mengalami masalah kelambatan di masa lalu, tetapi sekarang setiap kali saya membuka  . Saya tidak dapat berpindah server selama hampir satu menit. Pesan tidak dimuat, tidak tahu apa yang akan terjadi jika saya mencoba... Ulasan Lengkap"
1,"Ini adalah aplikasi yang bagus, tetapi Ada beberapa hal yang cukup membantu yang tidak didapatkan oleh pengguna ponsel, seperti misalnya pemutar audio. Harus mengunduh sampel audio hanya untuk mendengarkannya adalah hal yang sangat menyakitkan... Terutama bagi produser seperti saya yang banyak berurusan dengan mereka. Tapi selain itu baik-baik saja. Cukup banyak... Ulasan Lengkap"
1,"Saya telah menggunakan aplikasi untuk tetap berhubungan dengan teman-teman IRL dan aplikasi ini mudah digunakan dan relatif bebas bug. Satu-satunya masalah yang pernah saya hadapi adalah ketika mengklik gambar, terkadang aplikasi akan membawa Anda kembali ke pesan terbaru (bawah atau layar) daripada di mana Anda telah mengeklik p... Full Review"
0,"saya mengalami beberapa masalah dengan aplikasi. dibutuhkan seperti 5-10 detik untuk akhirnya terhubung dan mengalami masalah seperti saya berkeliling server dan dms yang berbeda. terkadang saya mengirim pesan dan butuh beberapa waktu untuk muncul. mungkin hanya masalah dengan versi beta, saya tidak... Ulasan Lengkap"
1,"Sejujurnya, ini adalah aplikasi yang cukup bagus, memiliki fitur yang hebat, dll. Tetapi   terkadang tidak berfungsi dengan baik. Ketika saya selesai mengobrol dengan teman-teman saya, saya logout. Tapi saat saya login kembali, tertulis "" Network Error "" padahal Wi-Fi saya oke dan kuat sekalipun. Saya tidak tahu apakah hanya saya yang... Ulasan Lengkap"
0,Bug notifikasi telah diperbaiki. Tapi sekarang ada masalah baru: itu terus mendaftarkan gambar yang disimpan ke galeri ponsel saya bahkan setelah dihapus secara permanen. Itu juga tidak akan mendaftarkan gambar yang baru diunduh sampai saya memindahkannya ke folder lain. Tolong perbaiki ini dengan cepat. Masalahnya masih per... Ulasan Lengkap
0,"aplikasi untuk sebagian besar benar-benar hebat!! tetapi saya telah mengalami masalah selama beberapa bulan di mana fungsi spoiler tidak berfungsi dan saya harus merusak gambar secara manual di luar aplikasi. dan sejak saya mendapat telepon baru, ada masalah di mana setiap kali saya menelepon dan saya keluar dari aplikasi atau membiarkan ... Ulasan Lengkap"
1,Aplikasi ini sangat bagus untuk server game serta server studi. Konsumsi datanya tidak terlalu banyak namun jika bisa dikurangi itu akan sangat bagus. Saya telah lama menjadi pengguna dan satu-satunya hal yang tidak saya sukai adalah antarmuka untuk pengguna seluler. Saya menggunakannya di web maupun seluler dan... Ulasan Lengkap
1,"Ini adalah aplikasi yang dibuat dengan baik dan berfungsi 99% dari waktu serta versi browser. Namun, ada beberapa masalah yang saya alami seperti menu yang hilang (misalnya, pengaturan notifikasi, dan status yang ditetapkan), dan aplikasi yang terkadang membeku yang mengharuskan saya untuk memulai ulang. Juga, sejauh yang saya lihat,... Ulasan Lengkap"
0,Membeku dan menabrak. Masih masalah. Jarang. Tetapi faktanya peredam bising tidak berfungsi? Mengganggu untuk sedikitnya. Pengurangan suara pada dasarnya adalah yang paling banyak dilakukan pada saat ini. Dan jika saya mengaktifkan opsi itu entah bagaimana mengurangi kebisingan lebih baik. Apa gunanya masa depan jika pada dasarnya... Ulasan Lengkap
1,"Saya sangat menyukai perselisihan dan telah menjadi bagian dari kehidupan saya sehari-hari. Saya akan memberikannya 5 bintang jika bukan karena bug yang sangat mengganggu di aplikasi seperti mengklik foto dan ketika mundur, menggulirnya ke bagian paling bawah saluran. Juga mengubah avatar saya, saya harus mengirim spam tombol simpan yang kedua ... Ulasan Lengkap"
1,"Ini adalah Aplikasi yang hebat, tetapi baru-baru ini saya menemukan hal-hal yang rusak dan hal-hal yang tidak saya sukai. Sebagian besar waktu ketika saya menekan lama saluran dan memintanya untuk ditandai sebagai telah dibaca, itu berfungsi beberapa kali, lalu berhenti bekerja bersama-sama. Mengapa saya tidak dapat mengkloning saluran di server saya di aplikasi seluler seperti... Ulasan Lengkap"
1,"Satu hal, aplikasinya oke. Tapi yang saya temukan adalah Anda memberi pengguna iPhone pada dasarnya setiap fitur yang dimiliki desktop, jika tidak lebih. Saya ingin melihat siapa yang tersisa di server saya. Saya ingin melakukan hal-hal yang biasanya dapat saya lakukan di desktop. Selain itu, aplikasi terkadang tidak berfungsi saat melakukan sesuatu yang biasanya... Ulasan Lengkap"
1,"Aplikasi hebat, berguna untuk tetap berhubungan dengan saudara perempuan saya dan bf jarak jauhnya. Pengembang dengan cepat memperbaiki masalah apa pun yang muncul. Meskipun demikian, saya memang menemukan masalah kecil dengan pengiriman foto, gambar mini yang paling baru cenderung digantikan oleh foto lama yang dihapus. Selain itu... Ulasan Lengkap"
1,"Itu sempurna pada awalnya tetapi sekarang untuk beberapa alasan itu terus membeku / Mengatakan itu tidak merespons setiap menit atau lebih di perangkat Android saya untuk beberapa alasan aneh, itu tidak melakukan ini sebelumnya. Saya sudah mencoba begitu banyak untuk mencoba memperbaikinya tetapi tidak ada yang saya lakukan untuk memperbaikinya. Saya bahkan mencopot dan memasangnya kembali lebih dari 5... Ulasan Lengkap"
1,"itu sempurna untuk berbicara, tetapi ketika saya kembali ke aplikasi itu selalu memberi tahu saya tentang hal-hal seperti ""bergabung dengan server sekolah Anda"" atau sesuatu seperti itu, dan juga gambar saya terkadang tidak dimuat, juga yang dari teman saya, saya harus kembali keluar dari perselisihan sepenuhnya setidaknya tiga kali untuk memperbaikinya dan ... Ulasan Lengkap"
1,Aku menyukainya! Sangat mudah digunakan dan Anda dapat masuk ke mode gelap dengan mudah. Kustomisasinya juga luar biasa! Satu hal yang saya tidak suka adalah kenyataan bahwa maksimal orang dalam grup DM adalah 10. Saya tahu bahwa banyak orang berjuang dengan ini dan beberapa hanya tidak ingin membuat server. Mungkin dalam waktu dekat ini bisa kalian buat... Full Review
0,"Bosan mencoba mengelola peringatan mikro dari berbagai saluran, jadi saya mematikan pemberitahuan push di pengaturan aplikasi. Saya masih mendapat notifikasi, jadi saya uninstall. Untuk menambahkan: Saya memiliki klien desktop yang diinstal pada PC rumahan yang tidak menyala kecuali saya di rumah menggunakannya. Saya sedang bekerja ketika aplikasi menjadi ... Ulasan Lengkap"
1,"aplikasi keren, meskipun saya harus menunggu setidaknya 2-5 menit, tidak masalah apakah saya memiliki koneksi terbaik atau terburuk, bagi saya untuk dapat mengklik server. Selama menunggu, saya tidak dapat mengeklik server, menanggapi pesan, atau beralih saluran jika saya telah keluar dari aplikasi di server. Saya sudah mencoba menginstal ulang, meskipun itu tidak... Ulasan Lengkap"
0,"Saya sudah lama menyukai snap, tetapi baru-baru ini saya sangat diperparah dengan bug baru yang membuat akun tidak dapat diakses. Sahabat saya telah berulang kali dilarang masuk bahkan dengan informasi masuk yang benar serta mengubah kata sandi. Saya telah mengalaminya hanya sekali, tetapi dia ... Ulasan Lengkap"
0,"Saya tidak suka bagaimana kebisingan latar belakang tidak dapat dihilangkan ketika saya mencoba mendengarkan musik di headphone saya saat saya merekam Snap. Musik terdengar halus melalui earphone saat Snap sedang direkam. Tetapi begitu Anda mengeluarkan earphone untuk melihat pratinjau Snap yang baru saja Anda rekam, latar belakangnya ... Ulasan Lengkap"
0,"Memiliki banyak masalah dengan aplikasi baru-baru ini. Membuka aplikasi, kamera sering hitam dan saya harus me-restart aplikasi agar berfungsi. Sudah secara acak menambahkan orang ke foto ketika mereka mengirim, jadi gambar akan dikirim ke seseorang yang saya ajak bicara secara aktif.. bersama dengan seseorang yang belum saya ajak bicara untuk kita... Ulasan Lengkap"
0,"Saya biasanya tidak punya masalah dengan Snap. Namun akhir-akhir ini, saya dapat membuat video dan ketika saya pergi untuk menontonnya, itu memotong seluruh video hanya dalam beberapa detik. Saya sudah mencoba memperbarui dan menginstal ulang tetapi tidak berhasil. Saya melaporkan masalah dalam aplikasi sekitar seminggu yang lalu dan sepertinya tidak ada... Ulasan Lengkap"
0,"Saya dulu suka  , tetapi sudah berbulan-bulan dengan masalah yang sama: setiap kali saya mencoba masuk, dikatakan mereka tidak dapat menemukan kredensial yang cocok. Username benar, password benar dan bahkan berhasil diubah beberapa kali untuk berjaga-jaga. Tidak ada apa-apa. Lucunya, kredensial secara ajaib benar dan... Ulasan Lengkap"
1,Saya suka  . Ini benar-benar cara yang menyenangkan untuk berkomunikasi dengan keluarga teman dan rekan kerja saya. Banyak hal di sana untuk menghibur Anda dan banyak cara unik untuk tetap berhubungan. Tapi istri saya dan saya telah mengalami masalah di sini akhir-akhir ini. Kami telah kehilangan aplikasi yang menyediakan suara notifikasi untuk bidikan dan... Ulasan Lengkap
1,"Aplikasi ini sangat bagus! Saya senang bisa berbicara dengan orang-orang di sana. Satu-satunya masalah yang saya miliki, adalah saya tidak dapat memasukkan aplikasi ke mode gelap bahkan jika saya membuka pengaturan di ponsel saya dan mengklik opsi pengembang, memaksa mode gelap, dan kembali ke aplikasi. Masih dalam tema ringan. Saya tunanetra dan saya ... Ulasan Lengkap"
1,"Yang menyenangkan untuk berbicara dengan teman-teman dan snap orang lain. Tapi baru-baru ini bug telah terlihat. Setiap kali saya mencoba masuk ke obrolan, itu tidak menunjukkan apa-apa. Itu hanya tertinggal. Dan filter tertentu juga lag. Ini adalah aplikasi yang bagus, tetapi memiliki banyak bug. Maksud saya daftarnya terus bertambah. Itu hanya sebagian kecil dari perjuangan saya.... Full Review"
1,"Ini adalah aplikasi yang bagus, tetapi untuk beberapa alasan sekarang ketika saya pergi untuk melihat ""rol kamera"" saya (bukan foto saya yang disimpan), itu hanya akan menunjukkan kepada saya foto dari April 2022 dan tidak ada yang lain. Meskipun saya memiliki lebih banyak foto di ponsel saya yang dicadangkan di perangkat saya sendiri. Perlu juga dicatat bahwa beberapa foto itu '... Ulasan Lengkap"
0,"Saya tidak suka melihat halaman Discover. Saya tidak tahu mengapa tidak ada opsi untuk menonaktifkannya jika Anda mau. Saya sekarang mulai takut ketika seorang teman memposting di cerita mereka, karena saya tahu saya akan melihat beberapa konten yang tidak nyaman langsung dari kelelawar, bahkan untuk sesaat. Saya telah menghapus beberapa aplikasi... Ulasan Lengkap"
1,"Sekali lagi, suka  , tetapi bisakah Anda membuat daftar putar untuk musik & suara lain yang disimpan di   saya? Senang sekali kami dapat menambahkan musik, dan menyimpan lagu & suara lainnya sebagai favorit. Juga, silakan tambahkan lebih banyak lagu & band country & rock untuk suara. Juga, menurut pendapat saya,... Ulasan Lengkap"
1,"Pengguna lama (10+), menurut saya aplikasi ini menyenangkan dan informatif, tetapi sulit untuk menahan iklan. Perlu ada opsi berlangganan untuk menghapus iklan, saya akan membayarnya! Ini diatur untuk menampilkan acara saat ini, tetapi Anda mendapatkan gangguan setiap 10 atau 15 detik oleh iklan. Tidak cukup sering kita diberi... Ulasan Lengkap"
0,"Saya suka snap chat, tetapi akhir-akhir ini terus mati tanpa alasan. Tidak dapat membuka pesan atau mengambil gambar apa pun karena aplikasi langsung mogok. Masalah lainnya adalah ketika saya merekam video, perekaman berhenti setelah beberapa detik. Mudah-mudahan masalah theee bisa diperbaiki. Saya tidak dapat ... Ulasan Lengkap"
1,"Semua filter benar-benar luar biasa! Saya suka bahwa Anda dapat secara otomatis terhubung dengan orang lain di kontak Anda. Anda dapat mengobrol dan menelepon. Juga terhubung dengan karakter bitmoji Anda sendiri. Sungguh menakjubkan meskipun saya berharap jika Anda meletakkan akun Anda di gadget lain, Anda masih dapat melihat semua gambar tanpa... Ulasan Lengkap"
0,"Baru-baru ini saya mengalami masalah dengan fitur musik. Setiap kali saya menambahkan musik ke snap saya, kedengarannya bagus dalam pengeditan tetapi ketika saya mempostingnya, itu dimulai dari awal ketika memposting video yang lebih panjang yang rusak. Ini menjengkelkan untuk bisnis kecil saya dan sebanyak saya menyukai aplikasinya, saya mungkin tidak ... Ulasan Lengkap"
0,"Sebagai pengguna Android,   selalu mogok setiap kali seseorang mengirimi saya pesan 5+ kali berturut-turut. Saya selalu harus me-restart telepon saya dan tidak akan bekerja sampai 3 atau 2 jam kemudian. Anda harus mencopot pemasangan aplikasi dan memasangnya kembali. Saya suka permainannya dan bagaimana Anda bisa menelepon teman Anda juga. Begitu banyak variasi... Ulasan Lengkap"
0,"Dalam pengalaman saya, ini adalah aplikasi yang bagus tetapi selama beberapa bulan terakhir saya mengalami masalah, itu mungkin hanya untuk akun saya karena saya sudah mencoba yang lain dan mereka bekerja dengan sangat baik tetapi akun saya sangat lambat dan hal-hal hanya tidak memuat dengan benar. Saya sudah mencoba mencari orang lain yang mengalami... Full Review"
0,"Saya sengaja mendownload versi lama dari sebelum ada story block karena semakin parah saja. Dengan berapa banyak uang yang mereka hasilkan, mengapa mereka tidak mempekerjakan seorang programmer yang baik. Kerusakan semakin parah dan fitur-fiturnya adalah segalanya yang tidak saya inginkan. Setelah 6 tahun digunakan dan masih sampah.... Full Review"
0,Saya biasanya tidak memiliki masalah dengan   tetapi   terus-menerus membatalkan penambahan teman baru dan kadang-kadang bahkan tidak mengizinkan saya meminta untuk menambahkan mereka kembali sampai mereka melakukannya sendiri. Sangat menjengkelkan ketika saya berbicara dengan seseorang selama beberapa hari tetapi mereka menghilang dari daftar teman saya. Saya tahu mereka... Ulasan Lengkap
0,Aplikasi itu sendiri tidak buruk. Tentu saja ada banyak gangguan kecil tapi saya bisa mengatasinya. 2 hal yang paling membuat frustrasi adalah bahwa aplikasi tidak lagi mengirimi saya pemberitahuan ketika saya mendapatkan snap jika saya menutup  . Jika saya meminimalkannya maka saya akan mendapatkan pemberitahuan .... kadang-kadang. Saya sudah memeriksa... Ulasan Lengkap
1,"Anda tahu apa yang lebih baik yang saya temukan? Ketika Anda akhirnya berhasil mencapai akhir video tanpa terganggu dan Anda ingin melihat beberapa detik terakhir lagi, Anda harus melewati jalan ke akhir dari awal karena Anda tidak dapat mencadangkan ke bagian terakhir dari awal. layar berlangganan! ... Ulasan Lengkap"
0,"Iklan Konstan. Pengalaman buggy. Rentetan pemberitahuan konstan. Fitur privasi invasif. Wastafel baterai. UI sangat intuitif. Tidak dapat disangkal, aplikasi perpesanan terburuk yang ada. Hanya menggunakannya yang entah bagaimana itu satu-satunya utusan yang bekerja di daerah padat padat. (Membuat saya bertanya-tanya jujur, o... Full Review"
0,"Panggilan dan panggilan video menyebalkan. Panggilan video buram dan akan mengatakan menyambungkan kembali sebagian besar waktu terputus, jangan sambungkan kembali. Atau panggilan itu tidak berdering tetapi menunjukkan orang itu mencoba menelepon. Snap perlu memperbaiki masalah ini. Tidak masalah jika Anda berada di negara bagian Anda sendiri atau di luar negara bagian... Ulasan Lengkap"
0,"Snap yang diterima tidak dapat dimuat dari teman, aplikasi tidak selalu memberi tahu Anda ketika Anda memiliki snap atau obrolan baru, terkadang macet dan Anda tidak dapat menggunakan aplikasi sama sekali.... hampir seperti   tidak ingin kami menggunakannya . Saya muak mengobrol dengan teman/keluarga saya melalui foto dan tidak... Ulasan Lengkap"
0,"Silakan ubah kembali pengaturan flash pada layar ponsel atau perbaiki. Sangat menjengkelkan untuk digunakan sekarang, saya sering menggunakannya di malam hari dan itu sangat terang di mata saya dan gambarnya tetap gelap. Saya tidak pernah memperbarui aplikasi saya sampai saya terpaksa setelah aplikasi menjadi terlalu usang untuk digunakan dan inilah ... Ulasan Lengkap"
0,"Menggunakan terlalu banyak baterai, terlalu banyak bug dan gangguan, dibanjiri iklan, fitur benar-benar hilang dan muncul kembali secara acak bahkan tanpa pembaruan apa pun, dan versi Android sangat diabaikan dibandingkan dengan versi iOS. Saya hanya masih menggunakannya karena sebagian besar teman saya memiliki iOS dan berfungsi dengan baik untuk... Ulasan Lengkap"
0,"Saat Anda mengeposkan sebuah cerita dan dikatakan siapa yang melihatnya, terkadang cerita itu akan menampilkan +1 lainnya atau lebih. Bahkan jika Anda tidak menambahkan orang itu, Anda harus dapat mengetahui siapa yang melihat cerita Anda, saya tahu itu bukan orang acak karena saya mematikan peta snap, jadi seseorang, bisa jadi orang yang tidak ingin saya lihat ... Ulasan Lengkap"
0,"Sejujurnya, saya sudah memiliki   selama bertahun-tahun, bukan karena saya menyukainya tetapi karena teman-teman saya menyukainya. Tetapi selama beberapa bulan terakhir, foto-foto saya hampir tidak terkirim. Saya dapat mengirim sekelompok foto dan mereka akan tetap mengirim beberapa hari kemudian. Dan itu memiliki beberapa masalah dengan telepon saya, kadang-kadang membeku secara acak dan dia... Ulasan Lengkap"
0,"  sangat menjengkelkan: iklan tidak lagi membiarkan Anda melewati, Anda harus menunggu, itu terus-menerus menyadap, seperti misalnya, saya mencoba untuk memblokir pria ini dan terus mengatakan ada yang tidak beres, silakan coba lagi nanti, seperti yang saya miliki waktu untuk menunggu nanti .. setiap pembaruan membuat aplikasi sedikit lebih buruk ... Ulasan Lengkap"
0,"Maksud saya ini adalah aplikasi yang bagus, tetapi saya memiliki banyak masalah dengan lag. Filter tertentu tertinggal dan ketika saya menerima pesan baru, itu tidak muncul. Saya mengirim pesan obrolan grup dan setiap kali saya mendapat obrolan, pemberitahuan muncul, tetapi saya harus menggulir dan menemukan grup secara manual. Kualitas sampah dan kekacauan saya ... Ulasan Lengkap"
1,"Ini bekerja dengan baik di Android saya hingga saat ini. Sekarang saya mendapatkan peringatan audio, bersama dengan ikon kamera hijau di sudut kiri atas setiap 5 detik yang memperingatkan saya bahwa kamera saya sedang digunakan oleh  . Saya telah mengaktifkan kamera untuk aplikasi. Itu berhenti dan memulai kembali cerita di awal, sehingga membuat aplikasi... Ulasan Lengkap"
1,"Saya bisa mengatasi kualitas kamera sampah, saya mengerti bahwa mengembangkan aplikasi untuk berbicara dengan setiap kamera di dunia Android bukanlah hal yang mudah. Apa yang tidak dapat saya lewati adalah kenyataan bahwa   di Android terlihat sangat berbeda dan jauh lebih tidak ramah pengguna daripada yang dimiliki teman-teman iPhone saya. Kami... Ulasan Lengkap"
1,"Aplikasi luar biasa, seperti biasa. Sangat mudah untuk mengirim pesan dan gambar. Ada permainan dan ada sorotan. Saya bisa berada di aplikasi ini selama berjam-jam. Saya, sayangnya, punya satu keluhan. Saya tidak tahu apakah itu hanya saya atau semua pengguna android tetapi itu tidak memungkinkan saya untuk mengubahnya dari mode ringan. Saya telah melihat dan... Ulasan Lengkap"
0,"Saya memiliki banyak masalah dengan aplikasi ini. Pertama-tama saya tidak bisa masuk ke akun saya di perangkat ini tetapi saya bisa di perangkat lain. Kedua aplikasi ini memiliki begitu banyak bug seperti setiap pembaruan. Ketiga dari semua karena saya memiliki IPhone dan Android saya perhatikan bahwa Anda tidak dapat menggunakan fitur-fitur tertentu di Android seperti, pin percakapan... Ulasan Lengkap"
1,"Aplikasi yang bagus untuk sebagian besar. Namun dalam beberapa hari terakhir (kemungkinan melalui pembaruan aplikasi yang mengaktifkan hal-hal tertentu), saya telah mendapatkan banyak pemberitahuan tentang orang asing yang ""sedang aktif di  "". Hebat, tapi saya tidak perlu diberi tahu kapan pun seseorang di mana pun di dunia membuat... Ulasan Lengkap"
1,"Saya sangat menyukai aplikasi ini! Filternya bagus dan cara yang bagus untuk mengobrol dengan teman-teman saya. Tapi, baru-baru ini, setiap kali saya mengirim snap dan menambahkan teks, teks tidak muncul, tolong perbaiki ini, saya sudah menghapus aplikasi dan menginstalnya kembali. Sunting: teksnya agak diperbaiki, tetapi sekarang foto yang saya kirim ... Ulasan Lengkap"
0,"Tidak ada mode gelap, aplikasi terkadang sedikit bermasalah dan macet. Kualitas kamera adalah penurunan besar dibandingkan dengan aplikasi kamera biasa dan media sosial lainnya, dan saat mengirim gambar dari rol kamera, kualitasnya sangat menurun. Masih saya pergi ke aplikasi untuk media sosial dan mengirim SMS ke samping semua hal, tetapi bisa... Ulasan Lengkap"
1,"Ini adalah aplikasi hebat yang saya gunakan sepanjang waktu. TAPI TOLONG UNTUK KASIH TUHAN, hilangkan gulir cepat filter. Itu terus-menerus keluar dan melompat ke tengah filter dan membutuhkan 3-4 gulungan untuk kembali ke yang kosong, dan memblokir bagian bawah layar yang layak.   memiliki... Ulasan Lengkap"
1,Saya sudah memiliki aplikasi ini untuk waktu yang lama sekarang dan cukup senang dengan itu secara keseluruhan. Saya perhatikan akhir-akhir ini bahwa saya harus menunggu sekitar satu menit antara mengirim foto atau video tidak akan diambil. Juga memiliki beberapa masalah dengan snap yang tidak terkirim atau tidak dimuat dengan benar atau snap muncul sebagai hitam di ... Ulasan Lengkap
0,"Saya tidak benar-benar memiliki masalah besar dengan aplikasi ini sejak saya memilikinya dan saya telah menggunakannya selama lebih dari 5 tahun. Tapi milik saya baru saja diperbarui (tidak yakin apakah itu hanya diperbarui di Android) dan flash depan benar-benar berubah menjadi lebih buruk. Perlu kembali ke flash asli, layar bahkan tidak berkedip... Ulasan Lengkap"
0,"Saya melihat beberapa masalah dengan panggilan pribadi di mana seringkali tidak terhubung (berdering) ke yang lain, bahkan koneksi internet kedua belah pihak baik-baik saja, dan beberapa kesempatan tidak terhubung ketika ponsel terkunci dan harus membuka aplikasi   secara manual sehingga panggilan dapat terhubung (re:ringing). juga saat ... Ulasan Lengkap"
1,"Bagi saya,   adalah yang terbaik dari semua platform media sosial. Hanya beberapa komentar saya akan memiliki. Yang pertama adalah, tentang notifikasi di bilah notifikasi. Bahkan setelah Anda menghapusnya dari bilah, itu akan muncul kembali di sana untuk pemberitahuan yang sama. Saya telah mengalami masalah ini untuk sementara waktu. Se... Ulasan Lengkap"
0,"Pesan suara diputar secara otomatis dalam grup. Bahkan ketika saya mencoba mengirim pesan suara baru, aplikasi tidak menghentikan pesan sebelumnya dan mengintegrasikannya ke dalam pesan suara saya. Masalah ini sangat buruk dan merepotkan. Harap selesaikan masalah ini. .Untuk menjadi jelas. Saya memutar pesan suara di gr... Ulasan Lengkap"
1,  adalah salah satu aplikasi perpesanan favorit saya. Muncul dengan begitu banyak fitur khusus yang tidak tersedia di aplikasi perpesanan lainnya. Ini adalah aplikasi yang bagus. Tapi saya berharap itu mendukung fitur gelembung obrolan. Maka akan lebih nyaman bagiku. Saya bisa menggunakan   saat bermain game atau menonton video dengan... Ulasan Lengkap
0,"Saya telah menghadapi masalah bug baru-baru ini. File yang saya unduh dari   langsung terhapus. Mereka dihapus dari penyimpanan internal dan saya akhirnya membuang-buang data internet saya. Tolong perbaiki secepat mungkin. Secara keseluruhan, ini adalah aplikasi yang luar biasa. Saya akan memberikan 5 bintang setelah bug ini teratasi.... Ulasan Lengkap"
1,Saya suka  . Saya hanya menggunakan aplikasi ini untuk semua komunikasi pribadi saya. Saya ingin memiliki komunikasi bisnis di dalamnya juga tetapi semua orang tidak memiliki aplikasi ini (mereka cenderung menggunakan yang lebih terkenal) Saya suka paket stiker di dalamnya. Itu membuat mengobrol jauh lebih menarik. Dan saya suka itu se... Ulasan Lengkap
0,"Begitu banyak bug ..... - Saat Anda mengirim video, itu menampilkan ikon kecil kecil, sulit untuk membedakan apa yang ada di video. Sementara   menampilkan preview ukuran penuh. - Terkadang tidak ada gambar pratinjau sama sekali. - Beberapa gambar yang diposting berukuran kecil dan tidak dapat diperbesar. Tetapi jika Anda menyimpannya dan mengganti namanya, maka... Ulasan Lengkap"
1,"  adalah alat komunikasi utama saya, pesannya cepat, andal, desainnya indah, grupnya luar biasa. Aplikasi ini benar-benar menonjol dengan itu saja di antara yang lain. TETAPI!!! Apa penentu utama dan pengubah permainan - stiker.  , tangan ke bawah, memiliki stiker gerak terbaik yang saya... Ulasan Lengkap"
0,"Halo, saya berharap Anda dapat mengoptimalkan video untuk streaming di aplikasi ini, jadi kami tidak akan terbebani dengan menontonnya secara online. Sangat tidak nyaman dan menjengkelkan untuk menonton video sambil mengunduh secara bersamaan. Silakan buat opsi untuk berhenti mengunduh video sambil menonton tanpa ... Ulasan Lengkap"
0,"Mengapa semua file yang saya unduh tiba-tiba tidak muncul di folder   saya sebelumnya dan malah dikirim ke folder cache di folder Android? Selain itu, mereka semua bercampur, foto, dokumen, video. Lebih baik sebelumnya ketika file diurutkan dan Anda dapat dengan mudah menemukan ... Ulasan Lengkap"
0,"SARAN UNTUK DEVS 1. Saya akan senang jika saya memiliki kemampuan untuk menerima jenis pesan tertentu dari semua atau dari orang-orang tertentu untuk memiliki pengalaman yang lebih terfokus, seperti hanya menerima pesan teks dan bukan media. 2. Memiliki kemampuan untuk membuat bagian/topik untuk berbagai... Ulasan Lengkap"
0,"Aplikasi ini akan sangat bagus, tetapi untuk masalah koneksi yang konstan. Bahkan ketika aplikasi lain terhubung dengan baik,   tanpa henti mengatakan ""menghubungkan."" Pesan terkadang tidak terkirim selama berjam-jam. Seringkali, pemberitahuan akan muncul, tetapi ketika aplikasi benar-benar dibuka, pesan tidak muncul. Serio... Ulasan Lengkap"
1,"Aplikasi yang sangat praktis dan nyaman dengan banyak fungsi luar biasa! Pesan dikirim secara instan, kemampuan untuk mengedit warna latar belakang dan memasang gambar apa pun lebih individualitas, tidak ada kelambatan. Terima kasih atas semua pekerjaan dan upaya Anda! Ini sangat berharga! Namun demikian, dapatkah Anda mempertimbangkan beberapa... Ulasan Lengkap"
0,"Seperti yang telah disebutkan banyak orang, banyak pembaruan dalam beberapa bulan terakhir sebenarnya memperburuk pengalaman menggunakan aplikasi. Bug kecil menjadi sering terjadi di aplikasi yang dulunya stabil dan ringkas. Mencoba meniru fitur dari aplikasi lain tampaknya merupakan kesalahan ketika yang membedakan Anda adalah ... Ulasan Lengkap"
0,"Seseorang di tim harus melihat mengapa catatan suara berhenti saat perekaman sedang dalam proses. Ini menjengkelkan. Itu belum terjadi sampai saya memperbaruinya ke versi pada saat menulis ulasan ini. Saya pikir itu adalah tangan saya yang menekan sesuatu secara tidak sengaja, tetapi tidak. Itu terjadi ketika saya bahkan tidak ... Ulasan Lengkap"
1,"  adalah aplikasi perpesanan utama saya. saya suka fitur yang ditawarkannya. Saya melihat beberapa bug. 1. ketika saya membagi layar pada tab s8 plus saya, daftar paket stiker tidak akan muncul di obrolan. 2. saat mengetik menggunakan keyboard fisik, saya tidak dapat menggerakkan kursor menggunakan tombol panah. tolong perbaiki bug ini."
0,"Aplikasi bagus untuk melihat konten tapi... satu ""fitur"" yang sangat menjengkelkan adalah cara aplikasi memindahkan saluran di umpan. Saya akan MENYUKAINYA jika aplikasi memungkinkan Anda memesan saluran dan berhenti memindahkannya, atau setidaknya memberi kami opsi untuk tidak melakukannya. Saya akan memberikannya bintang 5, tapi itu sangat ... Ulasan Lengkap"
1,Ini adalah platform sosial yang luar biasa. Menggunakan   sangat membantu saya. Animasi dapat di  kan dengan iphone. Animasinya luar biasa. Tapi masalah yang saya hadapi di   adalah tidak berjalan di latar belakang. Yang terkadang sangat menjengkelkan. Untuk mengunduh file besar saya harus... Tinjauan Lengkap
1,"Saya suka aplikasi ini, tetapi saya mengalami masalah! Beberapa pesan baik yang dikirim sendiri maupun yang diterima mulai menghilang secara acak, terutama postingan yang saya buat di saluran saya. Yang terakhir yang hadir adalah dari tanggal 27 April, sementara saya telah memposting hampir setiap hari di sana. Orang lain c... Ulasan Lengkap"
0,"Saya pikir, untuk grup video dan audio call tidak bisa. Setelah beberapa hari mengetahui bahwa ada fitur panggilan video dan audio grup tetapi ""agak tersembunyi."" Anda hanya akan melihat opsi untuk panggilan grup ""Mulai Obrolan Video"" setelah Anda mengklik profil grup. Saya pikir ini adalah desain ANTARMUKA PENGGUNA BURUK ... Ulasan Lengkap"
1,"Sejauh ini mudah digunakan dan saya menyukai sentuhan-sentuhan kecil animasi yang telah mereka masukkan ke dalam semua fungsi. Misalnya ada banyak sekali stiker dari semua bidang budaya pop dan mereka dianimasikan. Bahkan ketika Anda menyukai sebuah posting, Anda melihat sedikit animasi dan orang lain dapat melihatnya ... Ulasan Lengkap"
1,"Aplikasi yang bagus! Jadi lebih baik! Harap tingkatkan dukungan untuk S-Pen saat mengedit foto sebelum mengirim. Saya menemukan input pena tidak terdaftar dengan baik dan tidak mulus sama sekali. Juga, kami sepertinya tidak dapat menghubungkan panggilan video di sini di UEA dengan sesama penduduk UEA. Kami mencoba beberapa kali tetapi panggilan video gagal... Ulasan Lengkap"
0,"Bagian ""Unduhan"" baru dari sistem pencarian luar biasa. Saat Anda memutar video, itu membutuhkan pemutar eksternal. Bisakah itu dimodifikasi sehingga ""Baru-baru ini diturunkan"" dapat diperlakukan sebagai galeri itu sendiri sehingga video diputar dalam aplikasi dan Anda dapat menggesek antara video yang baru diunduh dan... Ulasan Lengkap"
0,"Setelah pembaruan terakhir, panggilan video saya terus terhubung kembali setiap beberapa menit, pihak lain tidak dapat melihat saya. Saya mencoba mencopot dan menginstal ulang aplikasi, mematikan dan pada izin kamera, tidak ada yang berhasil. Oh, dan ketika saya mencoba mengubah tema, itu terus kembali ke default. Saya beralih... Ulasan Lengkap"
0,"Aplikasi   saya bermasalah; Saya akan melihat pemberitahuan pesan baru, tetapi ketika saya mengetuknya dan terbuka, saya hanya akan melihat pesan lama. Juga, grup yang saya ikuti; terkadang saya akan melihat 1.000+ pesan yang belum dibaca, tetapi ketika saya membuka grup, setelah menggulir melewati 3-5 pesan, tidak ada lagi pesan yang muncul. I tho... Ulasan Lengkap"
1,"Bagus sekali. Selalu bekerja. Ketika teks tidak masuk, saya dan saudara perempuan saya terhubung melalui  . Ini juga merupakan cara yang sangat nyaman untuk mendapatkan file dari ponsel saya ke komputer saya dan sebaliknya, saya hanya mengirimnya ke diri saya sendiri. Stikernya luar biasa dan mudah untuk menambahkan stiker Anda sendiri, yang membuat saya senang. The cu... Ulasan Lengkap"
1,"Ini sangat bagus, hal terbaiknya adalah kita tidak perlu membagikan nomor telepon kita. seperti  , juga begitu banyak saluran, grup obrolan, bot, dan banyak fitur berguna yang luar biasa. Saya hanya punya satu permintaan jika Anda bisa melakukannya plzz ketika kami merekam pesan suara kami harus ada ... Ulasan Lengkap"
1,"Aplikasi perpesanan aman yang fantastis. UI yang sangat efektif memudahkan untuk menyortir pesan, mengedit atau menghapus teks, menyematkan atau menjadwalkan pesan, dan tentu saja bagian terpenting - MEREKA MEMILIKI STIKER TERBAIK YANG PERNAH. Seperti kebanyakan orang, saya terjebak menggunakan portofolio aplikasi perpesanan untuk teman-teman yang ""hanya""... Ulasan Lengkap"
0,"Setelah pembaruan terakhir, saya menghadapi masalah besar. Film yang diunduh tidak akan muncul di file explorer di folder mana pun dan saya tidak dapat memutar video. Itu bahkan tidak menanyakan pemain mana yang akan saya gunakan. Setelah saya menutup   dan membukanya kembali, ia meminta saya untuk mengunduh file itu lagi. Telah menyia-nyiakan lebih dari 5GB sejauh ini .... Ulasan Lengkap"
1,"Sangat mudah digunakan, ia memiliki semua utilitas aplikasi perpesanan umum. Ini memiliki kustomisasi hebat yang saya suka. Ini memungkinkan Anda untuk memindahkan riwayat obrolan Anda dari aplikasi lain sehingga Anda tidak akan kehilangan semua nilai sentimental dari percakapan panjang yang Anda lakukan di tempat lain. Ini juga memiliki opsi untuk menyimpan obrolan dan gambar Anda ... Ulasan Lengkap"
1,"Halo Terima kasih atas aplikasi Anda yang luar biasa. Karena Anda bekerja keras setiap saat untuk membuat pembaruan yang lebih baik, saya juga ingin menyarankan sesuatu. Untuk foto profil, aplikasi ini memiliki dua opsi sebagai: 'semua orang' dan 'Kontak saya' jadi jika kami memilih salah satu dari ini, kami menetapkan fakta bahwa siapa yang dapat melihat pfp kami, saya pribadi menemukan... Ulasan Lengkap"
1,"Banyak fitur yang saya inginkan & tidak saya temukan di IM lain ditambah banyak lagi yang belum saya pikirkan, tetapi Antarmuka Pengguna tetap bersih & sederhana.   hidup! ?? Dan Tg memiliki keamanan terbaik yang dapat saya temukan. ketika aplikasi lain memiliki kerentanan keamanan, saya tidak menemukan bahwa   menderita karenanya. Tg adalah ... Ulasan Lengkap"
0,"Panggilan suara, panggilan video, dan audio streaming langsung menjadi sangat redup, Anda hampir tidak dapat mendengar dengan siapa Anda sedang menelepon. Kami terpaksa tidak lagi menggunakan aplikasi ini untuk menelepon. Tidak ada pilihan untuk tetap merekam menggunakan kamera   kecuali untuk pesan video, jadi Anda tidak dapat melakukan hands free yang sangat ... Full Review"
0,"Di  kan dengan  , Anda hebat! Namun, ada beberapa masalah, seperti menggeser ke atas untuk melanjutkan ke saluran berikutnya: ketika saya menggeser dan menahan, saya dapat melihat nama dan ikon saluran yang disadap (dibutuhkan ikon dari satu saluran, nama dari saluran kedua). Juga, Anda harus menambahkan kemampuan untuk melihat ... Ulasan Lengkap"
0,"Saya tidak tahu apa yang terjadi tetapi selama beberapa minggu terakhir saya mengalami beberapa hal aneh/mengganggu. Gif yang dibagikan dalam grup tempat saya tidak diputar, diperbesar, atau bagian atas dan bawah terpotong ketika saya mengekliknya untuk menampilkannya secara penuh. Dan kemudian, saya juga punya gif yang... Ulasan Lengkap"
1,"Aplikasi terbaik Tetapi jika kami mengirim lebih banyak foto, agak merepotkan untuk menggulir melewati semua itu dan mencari sesuatu di obrolan. Jika ada opsi seperti '+3' (jumlah gambar) yang mirip dengan aplikasi lain itu akan bagus.. Dan mengetahui di mana gambar atau file disimpan agak terlalu sulit... Full Review"
0,"Tidak seperti   pesaing, Anda tidak dapat menonaktifkan indikator pengetikan, tanda terima baca, atau info terakhir terlihat. Yang miskin, dan tidak membaik. Anda dapat menggunakan nama pengguna selain nomor telepon Anda, lho. Yang sangat bagus. Ada juga pilihan antara penyimpanan cloud atau E2EE penuh tergantung pada kasus penggunaan instan... Ulasan Lengkap"
1,"Ini aplikasi yang bagus. Tetapi ketika saya menghapus seseorang dari buku alamat saya mengapa masih muncul di  . Saya tidak ingin pergi ke pengaturan selalu hapus kontak yang disinkronkan dan sinkronkan lagi Sunting: setelah dihapus dari bilah notifikasi, pesan yang sama muncul lagi. Saya tidak ingin membuka pesan dan ingin menghapus dari notifikasi... Ulasan Lengkap"
1,"Sejauh ini saya pikir aplikasinya baik-baik saja terlepas dari kenyataan bahwa aplikasi itu seperti basis untuk scammers dan ada fitur yang terus menunjukkan daftar kontak saya dan menghabiskan setengah layar dan tidak dapat dimatikan yang sangat mengganggu .. karena jika saya ingin menambahkan orang di kontak saya, saya cukup mengetuk... Ulasan Lengkap"
1,Aplikasi ini sangat bagus dan membantu tetapi tidak ada opsi untuk menyembunyikan panggilan (tidak mengakhirinya) dari layar samping kami saat dalam mode pip. Saya biasanya harus sering menyembunyikan panggilan tetapi tidak ada fungsi seperti ini sama sekali ... Panggilan tidak muncul di bilah notifikasi ig ... Semua baik-baik saja tetapi saya tidak ... Ulasan Lengkap
0,"Setelah pembaruan Android/Samsung UI 4 terbaru,   mogok sepanjang waktu. Saya tidak ingin memberikan ulasan yang buruk, tetapi sebulan telah berlalu, dan masih belum ada perbaikan, yang sangat tidak bertanggung jawab. Jika masalahnya ada pada iklan, nonaktifkan hingga Anda menyelesaikannya. Saat Anda mematikan data seluler dan. aplikasi wifi akan ... Ulasan Lengkap"
1,"Membawa Anda ke mana-mana saat membaca utas panjang - saat Anda mengetuk gambar untuk melihat lebih dekat dan kemudian kembali, Anda akan dibawa ke pesan terbaru. Juga, saya tidak melihat alasan mengapa Anda harus menyembunyikan pesan dalam utas panjang yang belum dibaca, lalu secara acak menampilkan bagian-bagian pesan di grup cha... Ulasan Lengkap"
1,Aplikasi perpesanan yang sangat nyaman dan juga untuk berbagi file. Satu-satunya masalah saya dengan aplikasi (dan saya tidak begitu yakin apakah ini masalah dengan  ) adalah bahwa ponsel saya (dan ibu saya) tidak membuat peringatan suara setiap kali ada pesan masuk. Akan ada pemberitahuan di bilah status telepon tetapi tidak ada peringatan ... Ulasan Lengkap
0,"Halo. Saya ingin melaporkan masalah yang saya alami akhir-akhir ini. Pertama, saya ingin menghargai bahwa kita dapat berbicara, mengobrol secara gratis dengan orang-orang dekat kita dan juga memiliki banyak pilihan stiker. Namun, saya mendapat pesan acak dari orang yang tidak saya kenal. Sebaiknya bot mencoba ... Ulasan Lengkap"
1,"Halo  ! Saya memiliki pengalaman yang baik dengan aplikasi. Baru-baru ini mengalami masalah saat mengirim foto yang baru diambil dari kamera.   hang ketika mencoba melakukan itu. Dan satu hal sederhana lagi yang hilang. Itu adalah suara notifikasi khusus untuk kontak tertentu. Banyak aplikasi tidak berharga memiliki opsi ini, aneh... Ulasan Lengkap"
1,"Saya suka ide itu, dan itu telah bekerja dengan cukup baik selama beberapa tahun sekarang. Saya dulu suka itu bekerja dengan sangat baik di komputer (yang SANGAT lebih mudah untuk mengetik daripada keyboard ponsel!). Tapi saya hanya memberikannya 3 bintang karena versi desktopnya tidak begitu bagus lagi. Mereka memperbaruinya se... Ulasan Lengkap"
1,"Aplikasi ini adalah salah satu aplikasi SMS terbaik - namun ada masalah, seperti mungkin seseorang bersumpah atau mengutuk, Anda tidak dapat menghapus pesan untuk SEMUA ORANG sehingga mereka tidak dapat melihatnya, sayang sekali. Masalah kedua adalah, tidak ada saluran di dalam komunitas. Mungkin Anda menyematkan pesan yang diatur, dan Anda membuat... Ulasan Lengkap"
1,"Benar-benar tidak bijaksana bahwa tidak ada cara yang lebih mudah untuk mentransfer data Anda dari ponsel lama ke ponsel baru. Saat Anda mengunduh aplikasi, hal pertama dan satu-satunya yang diminta adalah mendaftar. Mengisi nomor Anda secara otomatis menghapus akun di ponsel Anda sebelumnya. Semua aplikasi lain memiliki opsi untuk... Ulasan Lengkap"
1,"Saya bersenang-senang menggunakan   secara keseluruhan. reaksi, balasan, lokasi di obrolan, penyesuaian latar belakang. semuanya begitu efisien dan mudah. kecuali satu hal, kita membutuhkan gelembung obrolan. alasan mengapa Messenger hanya digunakan adalah karena fitur itu. saya harap Anda bisa membuat ... Ulasan Lengkap"
0,"Ini adalah aplikasi yang bagus tapi sangat menyebalkan. Maksud saya itu hebat tetapi hanya ketika itu berhasil. Saya entah bagaimana mendapatkan pesan tetapi saya tidak dapat mengirim pesan apa pun kembali. Pesan akan memakan waktu terlalu lama untuk dikirim dan bahkan jika saya ingin menghapusnya, itu akan mengatakan bahwa Layanan   tidak berfungsi atau semacamnya. Anda harus memperbaiki ini."
0,Baru-baru ini saya mulai mengalami masalah saat mengirim gambar dari galeri saya. Ini membeku dan tidak mengirim gambar. Seringkali dibutuhkan banyak waktu untuk mengenali gambar dari galeri. Satu-satunya solusi adalah menutup aplikasi dan coba lagi. Perlu beberapa upaya untuk mengirim foto... Ulasan Lengkap
0,"Akhir-akhir ini, semakin sering, ketika saya mengirim seseorang beberapa konten media, setelah beberapa saat saya mendapatkan peringatan titik merah itu tidak dikirim sama sekali..?? Terkadang, butuh beberapa saat agar konten itu terkirim... Server terlalu sibuk,  ???? Tidak pernah memiliki masalah dengan Sinyal,  .. Juga, terkadang tidak dapat menjawab... Ulasan Lengkap"
0,"Hai.. setelah 2 pembaruan,   tidak berfungsi dengan baik. Jika saya membuka aplikasi untuk mengirim pesan, aplikasi akan keluar. Daftar kontak tersembunyi juga tidak muncul. Saya suka menggunakan aplikasi   tetapi sayangnya aplikasi tidak mendukung... Tim back end   juga tidak menanggapi email saya. Ini tidak adil .. harap yo ... Ulasan Lengkap"
0,"Setiap pembaruan memiliki peningkatan di belakang layar untuk membuat   lebih buruk. Mengapa? Dengan setiap pembaruan berikutnya, aplikasi ini menghabiskan lebih banyak memori untuk data, dan Anda tidak dapat melakukan apa pun dengan itu. Masalah kedua - tidak ada suara, ketika seseorang menelepon. Dan yang terpenting, ada pertanyaan besar tentang kami... Full Review"
1,"Saya senang dengan semua hal baru yang Anda tambahkan, tetapi Anda belum memperbaiki dua masalah utama: 1. Saat berada di grup, muat lebih banyak pesan memuatnya di atas yang baru, bukan di bagian bawah yang lama, jadi saya harus menggulir terhadap pesan yang lebih tua. 2. Saat berada di grup dan memuat lebih banyak pesan ditekan, ketika saya membuka media apa pun o... Ulasan Lengkap"
1,"2018 -   sangat bagus. Lingkungan internet memainkan peran besar, sinyal internet yang baik memiliki penerimaan yang baik, sedangkan sinyal internet yang buruk memiliki penerimaan yang buruk. Akan tetap menggunakan  , mungkin untuk waktu yang lama. Mungkin   juga dapat mengedit aplikasi agar berfungsi dengan sangat baik bahkan di lingkungan sinyal yang buruk... Ulasan Lengkap"
0,"Oke. Jadi sudah dua hari sekarang ( sejak 21 april ) sejak   instant crash, dan menolak untuk dibuka. Kecelakaan instan setelah Anda mencoba dan membukanya. Bahkan tidak dapat menggunakan kirim umpan balik Anda ke   (meminta izin Google, lalu memberi tahu saya bahwa saya tidak terhubung ke internet. Benarkah?) Bisakah kita mendapatkan... Ulasan Lengkap"
1,Nomor saya diblokir. Dikatakan karena aktivitas spam. Saya masuk ke perangkat baru tetapi pesan tidak dimigrasikan secara otomatis. Juga kontak tidak sinkron. Saya harus kembali ke perangkat lama saya dan masuk lagi sehingga saya dapat membuat cadangan pesan atau menyalin kontak saya. Tapi saya tidak menerima c... Ulasan Lengkap
1,Saya sangat menyukai aplikasi ini. Namun aplikasi ini tidak memiliki peringatan suara untuk pesan meskipun ada pemberitahuan di telepon (masalah yang sama dengan ulasan yang baru saja saya baca) Sangat merepotkan ketika Anda mengharapkan pesan yang sangat mendesak. Saya menggunakan Huawei Nova 2i.
0,"Akun saya diblokir begitu saya menginstal aplikasi. Tidak berhasil membuat satu panggilan pun, namun saya diberitahu bahwa akun saya diblokir karena aktivitas palsu dan jika ini terjadi lagi, itu akan diblokir selamanya. Tidak adil sama sekali mengingat itu diblokir tanpa saya membuat satu panggilan atau mengirim satu ... Ulasan Lengkap"
1,Saya suka aplikasi ini. Ada banyak poin yang baik tetapi beberapa kekurangan juga. Sulit untuk mengunggah file besar. Dibutuhkan waktu yang sangat lama atau tidak melakukannya sama sekali. Saya memiliki aplikasi obrolan lain di mana tidak ada masalah seperti itu. Ada lebih banyak privasi hm dengan  . Nomor telepon Anda tidak diungkapkan ke... Ulasan Lengkap
0,"Harap perbaiki panggilan audio. Terkadang ketika saya dan teman saya sedang berbicara sambil memutar audio akan berhenti bekerja dan kami tidak dapat mendengar satu sama lain, kami menyelesaikannya dengan kembali ke aplikasi   dan permainan kami akan terganggu, yang agak merepotkan bagi kami. Saya harap Anda bisa memperbaikinya. Terima kasih."
1,"Apa yang terjadi dengan   yang hebat?! Ini adalah aplikasi yang hebat, bekerja seperti pesona, tanpa gangguan, tetapi versi ini (14.1.0.16) adalah mimpi buruk. Pesan datang dengan penundaan, gambar dan video tidak dapat diunduh... Saya harap Anda segera melakukan peningkatan dan menyelesaikan masalah ini."
0,"Saya benar-benar tidak mengerti, mengapa saya tidak pernah tahu tentang pesan baru sampai saya membuka aplikasi. Saya telah mengizinkan pemberitahuan, saya mengatur suara dan cahaya dan muncul - semuanya, masih tidak berfungsi. Jika saya ingin memeriksa pesan saya selalu harus membuka aplikasi. Saya tidak pernah tahu kapan seseorang menulis saya. Ada saran?"
0,"Karena aplikasi ini terus-menerus membutuhkan lebih banyak penyimpanan, saya kira ponsel 64Gb tidak akan dapat menggunakannya dalam waktu dekat. Menambahkan hal-hal yang saya jamin 99% orang tidak menggunakannya, tidak hanya mengambil penyimpanan, aplikasi menjadi lebih dan lebih tidak responsif, tidak dapat diandalkan, itu tertinggal dan hancur sepanjang waktu. Itu kehilangan pu... Ulasan Lengkap"
0,"Ketika saya mencoba membuka akun saya di ponsel yang baru saya beli, saya tidak dapat mengaksesnya meskipun mendapatkan kode beberapa kali tetapi tidak berhasil. Dengan bantuan perwakilan panggilan, saya harus mencopot pemasangan aplikasi untuk memulai dari awal. Hasilnya luar biasa: Saya berhasil terhubung ke akun pribadi saya... Ulasan Lengkap"
0,"Aplikasi tidak berfungsi. Selama beberapa hari terakhir setiap kali saya meluncurkan aplikasi, ponsel saya mati. Ini berfungsi dengan baik tanpa  , jadi saya kira ada sesuatu di pembaruan terbaru yang salah"
0,"Akan menyenangkan untuk membalas komentar tanpa diseret ke bawah pada dasarnya kehilangan tempat komentar yang terakhir dibaca di dalam utas. Saya membuat balasan, saya tidak perlu melihat apa yang baru saja saya tulis lalu skim kembali. Saya tahu saya dapat mengklik gelembung balasan saya untuk kembali lalu mengklik... Ulasan Lengkap"
0,"Bagian ""eksplorasi"" baru ini SANGAT menjengkelkan dan bodoh. Memiliki titik notifikasi merah terus-menerus di sana SANGAT menjengkelkan. Ini adalah aplikasi perpesanan, bukan aplikasi media sosial. Sama sekali tidak perlu ada bagian ""jelajahi"", mengapa Anda memperkenalkannya?! Selain itu, aplikasinya bagus, dan saya akan... Ulasan Lengkap"
1,"Telah menggunakan aplikasi ini sejak pertama kali dirilis. Suka fitur pesan menghilang dan stiker lucu (banyak sekali yang gratis). Saya suka bagaimana   terus meningkatkan aplikasi dan menambahkan fungsi. Namun, versi desktop (PC) perlu bekerja. Saya terus mengalami masalah saat masuk meskipun saya telah memverifikasi m... Ulasan Lengkap"
0,"Ada lebih banyak bug dan gangguan dalam program apa pun yang saya temui sejauh ini ... MUNGKIN berguna, dan konsep dasarnya bagus, tetapi implementasinya tidak merata ... Kemudian, jika Anda menyelesaikan sinkronisasi klien antara perangkat yang berbeda biasanya, mungkin dunia tidak akan mengingatnya seperti seorang gizzer...... Full Review"
1,Cara sederhana untuk berkomunikasi dengan teman-teman Anda. 26.4.22 Saya suka aplikasi ini dan sering menggunakannya tetapi sesuatu yang aneh terjadi kemarin. Saya baru saja mengirim SMS ke seseorang dan   mengunggah sekitar 50 gambar acak dari album foto saya tanpa izin saya!! . Saya tidak ingin mengirim foto apa pun. Saya baru saja mengirim... Ulasan Lengkap
1,"Aplikasinya sendiri cukup bagus. Saya menikmati menggunakannya. Satu hal yang saya sangat tidak suka adalah bahwa ia menggunakan jumlah data yang ekstrim yang memakan banyak memori pada ponsel. Saya memiliki aplikasi ini di Android dan iPhone dan ketika saya harus memberi ruang di memori, aplikasi ini berada di urutan pertama dengan sebagian besar... Ulasan Lengkap"
1,"Saya hanya menggunakan   dengan kontak yang tidak memiliki  . Info ""Terakhir terlihat"" kontak sering salah, yang tidak membantu dan membingungkan. (Misalnya, seorang teman mengirimi saya SMS 10 menit yang lalu - tetapi menurut  , dia tidak online selama seminggu.) Pesan, stiker, dan email yang tidak diminta = mengganggu. When I'... Ulasan Lengkap"
0,Akses Internet rusak. Tidak bekerja dengan koneksi Bluetooth! Perangkat lunak yang benar-benar rusak pada tahun 2021. Pencurian buku alamat akun Google dan simpan ke Google drive jadi tidak seperti Skype yang dapat memiliki buku alamat bersama yang independen. Versi ini juga tidak bisa mendapatkan otentikasi SMS atau panggilan telepon. T... Ulasan Lengkap
1,"Tidak, itu bukan masalahnya. Pencadangan pada perangkat asli berfungsi dengan baik... Saat ini mengambil 4GB di google drive saya (jadi pasti lebih baik bekerja). Tidak ada kesalahan yang dilaporkan... Saat memulihkan pada perangkat baru ada kesalahan Perlu bantuan perangkat bergerak. Proses pemulihan cadangan kehilangan foto dan video ...
Ulasan Lengkap"
0,"Silakan tambahkan fitur Terkadang Anda perlu mendukung orang tua untuk melakukan sesuatu menggunakan . Anda dapat menerapkan mode bantuan. Beberapa pihak dapat menekan tombol untuk meminta bantuan. Pihak lain menerima permintaan ini. Setelah itu sisi pembantu membuka aliran video dan dapat mengontrol opsi sisi lain seperti mengubah cam depan / belakang ...
Ulasan Lengkap
"
0,"Saya uninstall aplikasi ini beberapa bulan yang lalu kemudian ketika saya menginstalnya lagi, riwayat obrolan saya hilang. Bahkan media dan file. Saya tidak mengharapkan ini terjadi tetapi saya berharap pesan, media, dan file dapat dipulihkan. Aku butuh mereka untuk kembali, tolong."
0,"Setelah pembaruan terbaru, tidak ada suara di peringatan saya meskipun saya sudah mengatur pengaturan saya sebelumnya. Saya menggunakan ponsel android Samsung S21+. Harus memeriksa aplikasi   secara manual untuk melihat apakah saya memiliki pesan baru, terkadang saya menunggu pesan penting saat sibuk bekerja dan sekarang tidak lagi nyaman... Full Review"
1,"Jika ada opsi untuk memberikan -5 bintang, saya akan melakukannya. Sejak kemarin layanan tidak berfungsi. Dikatakan ""Menghubungkan kembali"" sepanjang hari! Ini bukan pertama kalinya. Saya menggunakan Galaxy A51, versi Android terbaru untuk ponsel ini dan versi   terbaru. Semua aplikasi lain berfungsi normal seperti   di ponsel lain... Ulasan Lengkap"
0,"Ada masalah dengan koneksi/sinkronisasi versi web dengan telepon yang tidak dapat terhubung ke server? meskipun saya memiliki koneksi internet yang stabil, atau saya harus keluar dari akun saya terlebih dahulu untuk berada di sana. Dan ada fitur yang sering saya gunakan sebelum pembaruan web yang ... Ulasan Lengkap"
1,"saya suka aplikasi ini. aplikasi perpesanan yang bagus dan sederhana, dan banyak fitur bagus. tapi satu-satunya hal yang menyebalkan adalah sekarang setiap kali saya memposting status, kualitasnya menjadi lebih rendah dan buram. bukan hanya 1 atau 2 kali, tapi setiap saat. bahkan ketika saya mengatur kualitas ke ""kualitas terbaik"", masih buram. seingat saya, itu bukan ... Ulasan Lengkap"
1,"secara keseluruhan, ini adalah aplikasi yang bagus. TAPI saya punya satu orang yang telah mengganggu saya untuk waktu yang lama dan saya yakin saya bukan satu-satunya. kualitas media yang Anda kirim atau unggah seringkali sangat buruk. bagaimana dengan memberi kita pilihan apakah kita ingin mengurangi kualitas untuk menyimpan data atau tidak? jadi... Ulasan Lengkap"
0,"Versi web Anda terlalu lama untuk dibuka. Setelah pemutakhiran terbaru, itu dapat terhubung tanpa terhubung ke ponsel saya terlebih dahulu. Namun proses pengunduhan pesan justru membuatnya lebih buruk dari versi sebelumnya. Ini adalah pengalaman yang tidak menguntungkan, terutama ketika saya sedang terburu-buru."
0,"Setelah memasuki tahun baru, terkadang... pesan tidak diterima dan tertunda selama berjam-jam dan lebih buruk lagi jika pesan datang tetapi tidak ada notifikasi yang muncul (bahkan setelah memastikan notifikasi disetel sebaik mungkin). Saya menggunakan ini sebagai utusan utama, dan semacam surat kerja. Yang pertama dapat dengan mudah ditampilkan ... Ulasan Lengkap"
1,"Ini bekerja dengan sangat baik, hampir tidak mengalami bug. Tapi satu hal yang saya tidak suka dari aplikasi ini adalah tema terbatas yang kalian sediakan. Tolong buat ""tampilan  "" di iphone juga tersedia di android. Itu saja, dan mungkin meningkatkan panggilan Anda, kadang-kadang bisa sedikit lamban."
1,"Saya suka aplikasi ini lebih dari aplikasi lain. Tapi, saya selalu dilema ketika saatnya untuk mengupgrade aplikasi ini. Karena setiap saya selesai melakukan upgrade selalu saja ada yang kurang dari kualitas layanan aplikasi ini. Tetapi jika saya tidak mengupgradenya, semuanya menjadi lamban. Mulai dari mengirim atau menerima... Ulasan Lengkap"
1,"Saya sering menggunakannya... Mungkin lebih dari aplikasi lainnya. Tetapi kurangnya kemampuan untuk mengedit pesan hanyalah hal bodoh, fakta bahwa ketika Anda melakukan panggilan tiga arah layar terbelah sehingga video Anda adalah yang terbesar dan teman serta keluarga Anda hampir tidak terlihat (mengapa tidak gambar kecil -dalam-gambar o... Ulasan Lengkap"
0,"Fakta bahwa pencadangan hanya dapat dilakukan pada jam 2 pagi adalah omong kosong. Dan secara otomatis mengurangi kualitas gambar dan video yang mengkhawatirkan. Yang terpenting, fakta bahwa gambar atau video tidak dapat diatur ke dalam folder atau album paling mematikan saya ketika mencoba memposting di status saya....Seperti saya harus ... Ulasan Lengkap"
0,"Aplikasi ini benar-benar tidak ramah pengguna. Jika Anda mulai mengetik pesan dan kemudian harus mengklik pesan itu, itu menyimpan draf tetapi tidak menyimpannya sebagai pesan terbaru, jadi Anda harus menggali untuk menemukan percakapan lagi. Ini menyebalkan ketika Anda membalas pesan secara pribadi atau... Ulasan Lengkap"
1,"Sebanyak yang saya suka pembaruan terbaru, saya perhatikan folder yang diarsipkan telah dipindahkan ke bawah yang bagus daripada di atas. Tapi saya tidak senang karena begitu sebuah pesan masuk ke obrolan yang diarsipkan, itu muncul kembali di daftar saya, lalu jika saya pergi ke pengaturan untuk menghentikan hal itu terjadi, arsip ... Ulasan Lengkap"
0,Saya meragukan keamanan aplikasi Anda dan saya juga percaya bahwa enkripsi ujung ke ujung adalah bohong. Saya mengatakan ini karena ada saat-saat ketika menggunakan panggilan suara saya dapat mendengar gema saya selama percakapan dengan orang lain. Kedua untuk mengedit mungkin dalam versi pro aplikasi hanya orang yang tidak bisa ... Ulasan Lengkap
1,"Oke,   benar-benar meningkat tetapi. Masih menunggu fitur yang memungkinkan seseorang untuk menggeser obrolan satu orang ke orang lain tanpa keluar dari obrolan. Juga, fitur yang memungkinkan seseorang untuk mengirim vns atau rekaman suara ke status dan terakhir ketika seseorang ditambahkan ke grup, orang tersebut harus... Ulasan Lengkap"
0,"Sekarang menampilkan pop-up di tengah layar, mengatakan sedang melakukan pencadangan. ""Backup terjadi pada 02:00"" meskipun bukan waktu itu sama sekali. Tidak ada cara untuk menutup popup ini dan proses pencadangan sangat lambat. Jadi saya tidak dapat menggunakan aplikasi selama beberapa menit. Siapa yang mengira ini akan menjadi... Ulasan Lengkap"
0,"Saya sudah selesai dengan aplikasi ini! Telah menggunakannya selama bertahun-tahun. Kemarin ia mengatakan kepada saya untuk menghapus dan menginstal ulang aplikasi karena tidak berfungsi. Ketika saya melakukannya, dikatakan tidak dapat mendeteksi pesan yang dicadangkan sebelumnya meskipun ponsel saya mencadangkannya setiap hari. Sekarang saya kehilangan banyak pesan, foto, dan... Ulasan Lengkap"
1,! HEBAT TAPI MEMBUTUHKAN SATU FITUR DIBUTUHKAN! Kami tidak dapat sepenuhnya menggunakan aplikasi ini untuk perusahaan kami karena tidak memiliki kemampuan untuk menjadwalkan pesan untuk keluar di kemudian hari. Ada aplikasi lain yang dapat kita instal selain yang ini untuk menjadwalkan pesan tetapi sangat sulit digunakan. Mes kami... Ulasan Lengkap
1,"Saya sangat suka aplikasinya. Namun, setelah menguninstall aplikasi dan menginstal ulang aplikasi, 'restore media'   saya macet 97% dan tidak mau selesai. Saya sudah mencoba semuanya dan masih tidak ingin menyelesaikan pemulihan media. Sangat membuat frustrasi karena saya tidak dapat mencadangkan pesan saya, tolong perbaiki ini ... Ulasan Lengkap"
1,"  memiliki koneksi panggilan suara/video terbaik yang pernah saya temukan. Suka rekaman audio meskipun saya berharap bisa berhenti sebentar. Suka pesan video juga. Ini akan dengan mudah menjadi 5 bintang jika saya bisa * mengedit pesan tertulis *. Stiker akan sangat bagus. Oh, dan fungsi pencariannya benar-benar miring. Saya sudah menggunakannya ... Ulasan Lengkap"
1,"  luar biasa, Anda dapat membisukan nomor mana pun yang Anda pilih untuk jangka waktu tertentu (berjam-jam hingga berhari-hari). Untuk mengubah wallpaper di ruang obrolan dan tema mode ringan. Padahal, saya akan senang jika mereka menambahkan opsi untuk mengubah gelembung teks! Saya melihat bahwa ini adalah opsi untuk ponsel lain (saya lihat ... Ulasan Lengkap"
1,"Ini benar-benar aplikasi yang bagus. Hanya satu masalah. Saya mengunduhnya di ponsel baru saya dan menerima kode verifikasi, tetapi saya tidak dapat melengkapi profil. Dikatakan ""tidak dapat terhubung"" tetapi ketika saya memeriksa statusnya dikatakan ""Layanan   beroperasi secara normal"" apa yang bisa menjadi penyebab masalah ini? (Curre... Ulasan Lengkap"
1,"  benar-benar perlu bekerja pada kualitas gambar dan video dalam obrolan dan status. Kompresinya terlalu banyak. Gambar berkualitas rendah ini memaksa saya untuk mengirim gambar sebagai dokumen. Ponsel Kamera, penyimpanan ponsel, dan kecepatan Internet semakin baik di perangkat setiap hari. Jadi tingkatkan kualitas gambar dan... Ulasan Lengkap"
0,"pembaruan baru memiliki banyak bug dan itu membuat saya sulit untuk menelepon, melihat status dan panggilan suara. pas mau voice call ga kedengeran karena lag, trus soal status, pas mau liat status terus bilang ""ada error saat nonton video"" itu terjadi berkali-kali ke saya. a... Ulasan Lengkap"
0,"  jelas merupakan aplikasi obrolan default bagi kebanyakan orang (setidaknya di sini di Timur). Tapi itu tidak benar-benar memaafkan kesalahan yang telah berlangsung terlalu lama. Saya memiliki bug yang sangat mengganggu di mana saya kebanyakan tidak dapat mengambil gambar dari dalam aplikasi  , dan harus mengambil gambar secara eksternal dari ... Full Review"
0,"Mereka baru saja merusak   dan menyamarkannya sebagai peningkatan. Sebelumnya Anda dapat mengirim pesan kepada diri sendiri dan melihatnya di ponsel Anda dan antarmuka Web  . Mereka ""DIPERBARUI""   Web dan sekarang Anda tidak dapat melakukan itu (Anda tidak harus menjaga ponsel Anda tetap terhubung). Kedua antarmuka tidak lagi sinkron dengan... Ulasan Lengkap"
0,"Saya baru-baru ini beralih dari iPhone ke Samsung dan aplikasinya 180 derajat lebih buruk di Samsung. Di departemen foto dan media, Anda dapat mengunduh semua media atau tidak melihatnya sama sekali. Anda tidak bisa hanya melihatnya dan hanya menyimpannya jika Anda mau. Opsi ini hilang di android. Tolong perbaiki ini."
0,"Aplikasi bodoh dengan fitur buruk. Saya tidak dapat mengirim catatan suara dan gambar. Jadi saya mencadangkan seluruh data dan menginstal ulang aplikasi. Awalnya berfungsi dengan baik, dan sekarang masalah yang sama lagi. Apakah seluruh instalasi ulang lagi, dan bingo, masalah masih berlanjut. Saya menggunakan   hanya karena beberapa teman saya... Full Review"
0,"Sejak beberapa pembaruan yang lalu, setiap kali saya mencoba mendengarkan obrolan suara atau panggilan normal , layar akan secara otomatis menjadi gelap dan memperlambat audio... Jika itu panggilan, saya hanya akan menyalakan speaker saya (di Android) ... tetapi masalah sebenarnya adalah pada obrolan suara karena terkadang Anda menggunakan obrolan suara ... Ulasan Lengkap"
0,"Pembaruan baru Anda salah dan opsi 'Hubungi kami' tidak berfungsi. Pesan saya: Melihat bug dengan panggilan suara . Layar tidak mati saat panggilan, speakerphone menyala tetapi ikon tidak berubah dan setelah dihidupkan, saya tidak dapat beralih kembali ke mode lubang suara. Tolong perbaiki. Balasan Anda: Hai, Th... Ulasan Lengkap"
0,"Tidak dapat mengunduh sebagian besar gambar, video, dan catatan suara (dan saya kira semua media lainnya) sejak pembaruan terakhir. Setelah unduhan selesai, itu kembali ke keadaan awal yang tidak diunduh. Untuk sebagian besar status, ini menampilkan ""Maaf media ini tidak ada di penyimpanan internal Anda"", dan saya tidak dapat... Ulasan Lengkap"
0,"Baru-baru ini, saya dan banyak teman saya memperhatikan bahwa warna semua anggota dalam obrolan grup terus berubah secara acak. Meskipun ini adalah detail kecil, kita semua terbiasa dengan serangkaian warna tertentu dan mengidentifikasi teman-teman kita dengan mereka, jadi alangkah baiknya jika kita secara individual memilih orang mana ... Ulasan Lengkap"
0,"Sepertinya setiap instalasi lebih bermasalah daripada yang terakhir. Sering mogok di laptop lama saya, tidak dapat menjawab panggilan di versi desktop kecuali saya sudah membuka jendela aplikasi. Setel ulang pengaturan pada ponsel samsung saya dan semua nama kontak saya telah hilang, diganti dengan nomor mereka yang tidak dapat saya kembalikan... Ulasan Lengkap"
1,"Aplikasi ini sangat bagus. Ini memiliki fitur yang bagus dan itu membuat segalanya lebih mudah. Namun, coba sertakan fitur 'Jangan ganggu' jika Anda bisa. Terkadang, sulit untuk tetap offline saat Anda menginginkannya karena kapan pun Anda mengaktifkan data seluler, itu akan mencapai  ."
1,"lihat teman-teman, saya suka aplikasi ini, itu mendunia, mudah dan dapat diakses, tetapi tolong perbaiki masalah apa pun yang Anda alami dengan pesan dan ketidakmampuannya untuk melewatinya, baik melalui pesan cepat (bilah notifikasi - saya pikir) dan pesan dalam aplikasi. aplikasi terus-menerus tidak mengirim kekacauan ... Ulasan Lengkap"
1,"Bagus tapi harus ada cara untuk menghapus recent chat dan juga cara untuk menghapus nomor dengan opsi INVITE (keduanya di menu kontak). Sebagian besar nomor (setidaknya dalam kasus saya) adalah nomor rumah tetap atau bisnis. Juga, saat mengunggah foto ke cerita atau membagikannya (dengan beberapa... Ulasan Lengkap"
1,"Ini adalah aplikasi yang sangat bagus untuk berkomunikasi dengan teman, kerabat, dan keluarga Anda tetapi tidak memiliki banyak fitur. Seharusnya ada opsi untuk mengirim foto/video dalam resolusi tinggi baik kepada orang maupun status, UI dapat ditingkatkan. Dan yang paling menyebalkan adalah proses backup. Jika Anda belum mencadangkan untuk ... Ulasan Lengkap"
1,Terima kasih telah memperhatikan pengguna Internet. Pilihan yang tersedia untuk memenuhi harapan pengguna. Berselancar dengan salah dan melalui aplikasi Anda adalah hak istimewa komputer karena dengan ketekunanlah pemilihan opsi tampaknya telah dibuat. Saya kira semuanya memiliki tujuannya. Saya akan mengakhiri dengan menambahkan bahwa... Ulasan Lengkap
0,"Performa yang sangat tidak dapat diandalkan untuk beberapa waktu sekarang. Beberapa masalah dengan fungsi panggilan  . 1. Pada panggilan audio di speaker, saat layar saya mati, mikrofon juga tampaknya terputus karena orang di seberang panggilan tidak dapat mendengar apa yang saya katakan. 2. 8 dari 10... Ulasan Lengkap"
0,"Dibandingkan dengan  : hanya 2 bintang! Sangat sangat tidak bisa diandalkan. Panggilan telepon yang buruk. Desain dan pemrograman yang ketinggalan zaman. Tidak ada fitur terkini! Masih satu-satunya cara untuk menghubungi sebagian besar teman saya di Eropa (saya tinggal di shanghai). Tetapi pengalamannya sangat lambat, tidak dapat diandalkan, dan menakutkan dibandingkan dengan... Ulasan Lengkap"
0,"Setelah update terbaru,   terus berpindah folder penyimpanan (media). Karena itu, meskipun file yang dikirim/diterima (terutama terkirim) ada di penyimpanan ponsel saya (tetapi terkadang di satu folder dan terkadang di folder lain),   terkadang menampilkannya di chat dan terkadang tidak. Saya... Ulasan Lengkap"
0,"Banyak kekurangannya, selama ini saya merasa menggunakannya hanya karena teman saya menggunakannya, tetapi dengan banyak batasan dan UI saat menghapus tidak ramah pengguna yang membuat saya terkadang salah menekan opsi. Saya dan teman saya menguji Telegram dan wow! Banyak fitur seperti kemampuan mengedit teks atau repla... Ulasan Lengkap"
